{"cameraMode":{"drawMode":0,"name":"Shaded","section":"Shading Mode"},"sceneLighting":false,"audioPlay":false,"sceneViewState":{"m_AlwaysRefresh":false,"showFog":false,"showSkybox":false,"showFlares":false,"showImageEffects":false,"showParticleSystems":false,"showVisualEffectGraphs":true,"m_FxEnabled":true},"in2DMode":false,"pivot":{"x":5.960464477539063e-8,"y":0.9509748220443726,"z":0.004471272230148315},"rotation":{"x":0.0010477082105353475,"y":0.9779608249664307,"z":-0.20876021683216096,"w":0.005008090753108263},"size":1.0373786687850953,"orthographic":false}