{"cameraMode":{"drawMode":0,"name":"Shaded","section":"Shading Mode"},"sceneLighting":false,"audioPlay":false,"sceneViewState":{"m_AlwaysRefresh":false,"showFog":true,"showSkybox":false,"showFlares":true,"showImageEffects":true,"showParticleSystems":true,"showVisualEffectGraphs":true,"m_FxEnabled":true},"in2DMode":false,"pivot":{"x":0.1961994171142578,"y":0.28363534808158877,"z":0.3770555853843689},"rotation":{"x":-0.09895160049200058,"y":0.6897867918014526,"z":-0.0960017517209053,"w":-0.7107719779014587},"size":3.198674440383911,"orthographic":false}